square_feet,bedrooms,bathrooms,age_years,garage_spaces,lot_size,neighborhood,has_pool,school_rating,price
2000 sq ft,2,1,75.0,3,12822.0,Suburb,No,10.0,410531
1922,3,2,65.0,2,4572.0,Downtown,yes,2.0,290216
2566,5,N/A,4.0,2,9014.0,Downtown,Yes,7.0,532523
3889,1,1,95.0,2,14131.0,downtown,No,5.0,599787
2954,2,2,90.0,3,,Urban,No,2.0,410541
1947,5,4,77.0,3,5005.0,Downtown,No,10.0,467422
2393,4,2,74.0,0,16473.0,Downtown,No,3.0,411454
2561,4,1,91.0,0,14069.0,Downtown,No,6.0,483748
896,2,1,59.0,0,4720.0,Urban,Yes,2.0,131993
2961,1,3,95.0,0,10081.0,Urban,No,6.0,464268
3486,2,4,82.0,1,,Suburb,No,9.0,585769
847,2,1,12.0,2,8959.0,Suburb,No,7.0,261285
873,3,3,80.0,3,14773.0,Suburb,Yes,5.0,227658
2368,4,4,92.0,2,6807.0,Downtown,Yes,6.0,511049
1742,4,1,58.0,2,9543.0,Suburb,No,9.0,355334
3072,5,4,45.0,3,6992.0,Urban,No,4.0,599242
911,3,3,82.0,1,18259.0,Rural,No,9.0,228692
2163,4,1,24.0,2,18254.0,Suburb,No,2.0,429622
3694,3,2,55.0,2,19407.0,Rural,Yes,4.0,610045
3268,1,2,80.0,0,19915.0,Rural,No,5.0,507982
3456,3,1,77.0,3,19022.0,Suburb,No,10.0,658909
1892,4,1,19.0,1,2073.0,Suburb,No,1.0,387201
2647,2,3,36.0,3,18459.0,Rural,Yes,2.0,466193
1251,1,3,30.0,0,12282.0,Rural,Yes,4.0,229897
2850,1,3,5.0,2,18267.0,Rural,No,10.0,620633
3188,4,1,75.0,1,,Rural,No,9.0,566923
839,3,4,89.0,1,,Downtown,Yes,10.0,294745
2146,2,4,90.0,3,8879.0,Downtown,No,6.0,432677
3444,4,1,14.0,1,11202.0,Urban,No,10.0,728143
2383,1,4,74.0,0,,Urban,No,8.0,481846
3352,1,2,89.0,0,9325.0,Downtown,Yes,7.0,561670
2781,1,1,70.0,1,8890.0,Rural,No,7.0,446074
1959,1,2,37.0,0,,Urban,No,6.0,332141
2697,1,2,87.0,3,15090.0,Rural,Yes,2.0,344884
899,3,2,90.0,2,15054.0,Downtown,No,3.0,119133
3228,2,3,86.0,1,,Suburb,No,3.0,544226
2182,3,2,2.0,2,9148.0,Suburb,No,4.0,408209
1013,2,3,46.0,2,15799.0,Suburb,No,9.0,318945
1662,3,1,17.0,0,7683.0,Urban,No,9.0,396001
2235,4,3,11.0,3,15644.0,Urban,No,4.0,488814
3138,1,4,48.0,3,10951.0,Urban,No,6.0,573358
2817,4,2,3.0,3,17426.0,Downtown,No,7.0,560174
1388,2,2,17.0,1,11714.0,Rural,Yes,1.0,292716
2504,2,4,20.0,2,9104.0,Suburb,Yes,1.0,471944
906,5,3,86.0,0,15037.0,Urban,Yes,10.0,273719
1637,1,2,78.0,3,5962.0,Rural,No,6.0,266696
3424,1,3,86.0,1,8593.0,Suburb,Yes,7.0,584421
1643,2,4,88.0,0,16550.0,Downtown,No,6.0,329445
2242,5,2,13.0,3,4110.0,Rural,No,4.0,492289
1626,1,4,52.0,2,13623.0,Suburb,Yes,6.0,310796
2218,1,3,66.0,3,16610.0,Suburb,No,4.0,393989
2541,4,3,22.0,2,10124.0,Urban,No,1.0,530734
946,3,3,14.0,1,3527.0,Rural,No,,310713
3332,5,1,36.0,3,19646.0,Rural,No,8.0,668309
3851,2,4,69.0,2,16788.0,Rural,No,8.0,669600
1211,3,3,38.0,2,15022.0,Rural,No,7.0,324867
2589,4,3,60.0,2,18024.0,Suburb,Yes,5.0,529429
3006,2,1,7.0,1,6317.0,Downtown,No,4.0,586701
2189,2,1,74.0,3,11647.0,Urban,Yes,10.0,371538
1171,4,4,86.0,3,6202.0,Rural,Yes,3.0,213535
3568,1,4,16.0,2,12478.0,Urban,No,6.0,689742
1190,1,3,27.0,2,15849.0,Downtown,Yes,1.0,203408
1055,3,4,62.0,3,13303.0,Downtown,No,1.0,222048
1159,5,1,86.0,0,3433.0,Suburb,No,7.0,296730
1750,1,2,16.0,0,10675.0,Suburb,No,3.0,339983
2791,5,3,68.0,2,3789.0,Rural,No,10.0,599645
1953,2,1,73.0,2,14375.0,Downtown,No,4.0,340495
1355,4,1,17.0,0,18144.0,Rural,No,7.0,308684
2181,3,3,58.0,3,18807.0,Suburb,No,6.0,461446
1495,1,4,51.0,3,2355.0,Downtown,No,10.0,371672
3385,3,3,86.0,1,,Urban,No,4.0,528552
3282,5,1,91.0,3,6642.0,Urban,No,7.0,547471
2804,4,4,20.0,0,13019.0,Downtown,Yes,9.0,594888
2129,5,1,75.0,2,9234.0,Suburb,Yes,7.0,424284
1330,3,3,65.0,3,4726.0,Suburb,Yes,10.0,316724
2337,2,3,52.0,3,,Suburb,No,5.0,458341
2899,2,4,,1,8880.0,Suburb,No,4.0,490415
1740,5,4,23.0,1,18155.0,Suburb,No,1.0,454086
2128,4,1,,0,,Urban,Yes,2.0,459252
3928,5,2,53.0,2,8668.0,Suburb,No,6.0,745865
2811,1,1,24.0,3,15586.0,Downtown,Yes,1.0,473224
2769,4,4,72.0,1,7709.0,Urban,No,8.0,596387
1142,4,3,23.0,3,4844.0,Downtown,No,,338908
3363,5,4,,3,14535.0,Downtown,No,6.0,750124
3939,4,2,22.0,0,18686.0,Rural,No,,774249
939,2,2,17.0,2,2855.0,Rural,No,1.0,237218
3509,3,1,93.0,2,9083.0,Downtown,No,2.0,526317
3321,2,4,8.0,1,10131.0,Suburb,No,6.0,618339
2313,4,3,91.0,2,4620.0,Urban,Yes,6.0,454741
2178,3,2,89.0,0,14768.0,Downtown,No,7.0,422185
803,1,1,10.0,2,5795.0,Urban,No,6.0,215748
2731,5,4,46.0,0,6423.0,Rural,No,10.0,631189
1555,4,3,90.0,3,6441.0,Urban,No,8.0,335013
3864,5,3,11.0,1,15333.0,Rural,No,4.0,789179
2046,3,3,28.0,0,2874.0,Rural,No,4.0,440979
1062,5,1,53.0,1,17445.0,Rural,No,3.0,279173
3113,4,3,38.0,2,,Suburb,No,6.0,589388
1911,4,4,9.0,0,16771.0,Downtown,No,2.0,478318
1838,2,4,99.0,0,14279.0,Suburb,Yes,3.0,354597
2822,5,4,84.0,1,,Rural,Yes,4.0,574145
3315,5,2,5.0,3,6801.0,Rural,No,2.0,677387
3737,2,1,84.0,1,,Urban,No,3.0,574239
2022,2,1,48.0,1,6199.0,Downtown,No,3.0,331220
2988,5,1,96.0,3,15285.0,Suburb,No,9.0,555609
1238,3,1,10.0,2,2667.0,Downtown,No,3.0,273786
3387,3,4,36.0,0,8368.0,Urban,No,5.0,661529
3654,1,3,22.0,3,15378.0,Rural,Yes,3.0,612448
2702,2,4,93.0,1,,Downtown,No,7.0,488784
1667,3,1,82.0,3,5820.0,Rural,No,10.0,351962
899,4,2,68.0,2,12497.0,Downtown,Yes,1.0,142513
3041,4,2,14.0,3,19200.0,Urban,Yes,10.0,633639
3663,2,4,89.0,2,16818.0,Downtown,No,3.0,629522
3341,4,2,98.0,2,10543.0,Urban,No,2.0,560826
816,1,2,63.0,0,8422.0,Downtown,No,5.0,202792
2469,4,4,57.0,2,8871.0,Rural,No,9.0,496324
3208,1,2,44.0,2,5799.0,Downtown,No,1.0,546099
1933,5,1,97.0,0,6203.0,Downtown,No,3.0,366830
1910,4,3,15.0,3,4404.0,Suburb,No,2.0,432477
846,4,2,53.0,0,6872.0,Urban,Yes,2.0,169755
1071,3,3,,1,5912.0,Rural,Yes,9.0,227122
3144,5,2,34.0,1,2251.0,Suburb,No,2.0,539440
2592,2,2,13.0,0,8138.0,Downtown,No,1.0,461188
2243,2,2,53.0,0,15419.0,Rural,Yes,10.0,486368
1779,1,3,91.0,3,2060.0,Downtown,Yes,,316278
1636,4,1,97.0,2,6983.0,Downtown,No,2.0,240068
3774,4,2,,1,12664.0,Urban,Yes,6.0,736252
2310,4,1,80.0,3,14281.0,Rural,No,2.0,368328
2908,3,2,71.0,3,2786.0,Downtown,Yes,6.0,525486
1121,2,4,89.0,2,13267.0,Downtown,No,9.0,261839
1566,4,1,42.0,2,16382.0,Rural,Yes,7.0,403726
2796,5,1,22.0,3,8326.0,Suburb,No,1.0,523332
1123,2,2,71.0,1,4504.0,Urban,No,5.0,227976
1619,5,1,0.0,3,8715.0,Suburb,No,2.0,400249
1798,5,3,82.0,1,7970.0,Urban,No,7.0,436832
888,1,1,67.0,2,17569.0,Rural,No,2.0,168226
2790,1,4,51.0,0,3817.0,Downtown,No,10.0,582641
1212,3,3,46.0,1,17859.0,Suburb,No,6.0,315977
2188,3,1,90.0,3,14710.0,Urban,Yes,5.0,332943
2143,3,3,76.0,3,10096.0,Rural,No,8.0,479793
1140,1,2,17.0,1,14877.0,Urban,No,6.0,242690
3344,4,3,68.0,3,16625.0,Rural,Yes,1.0,538108
3328,2,4,43.0,0,17819.0,Suburb,No,7.0,605877
2201,2,3,47.0,0,11285.0,Rural,No,5.0,448952
1224,1,4,17.0,2,8276.0,Urban,No,9.0,294005
3732,3,1,20.0,0,11351.0,Downtown,No,6.0,651942
3610,3,1,64.0,0,9780.0,Suburb,Yes,5.0,633544
3807,2,2,20.0,2,8353.0,Rural,Yes,3.0,606175
2906,4,4,26.0,2,3670.0,Urban,No,5.0,635606
877,4,3,31.0,3,8173.0,Rural,Yes,6.0,305521
2856,4,1,19.0,1,9873.0,Rural,No,1.0,489562
1190,5,1,45.0,3,3536.0,Urban,No,4.0,254990
3937,1,4,64.0,0,11524.0,Suburb,Yes,9.0,672742
2046,2,3,19.0,1,19075.0,Urban,No,,378704
2022,5,3,29.0,0,18218.0,Rural,No,4.0,498142
1352,3,2,67.0,0,,Downtown,Yes,6.0,275810
2794,1,1,17.0,0,3265.0,Suburb,Yes,9.0,560129
3948,1,3,70.0,0,,Suburb,No,1.0,645603
1260,4,4,15.0,3,18825.0,Downtown,No,1.0,308329
2314,3,2,81.0,0,18579.0,Downtown,Yes,9.0,418015
1435,5,3,32.0,0,5025.0,Suburb,Yes,6.0,339018
2321,2,4,91.0,2,,Downtown,No,2.0,337234
935,1,4,35.0,3,,Rural,No,5.0,268432
3629,5,3,17.0,3,19608.0,Urban,Yes,7.0,761405
2252,4,2,26.0,3,12536.0,Suburb,No,8.0,471144
1563,3,3,86.0,0,4404.0,Downtown,Yes,9.0,329992
2583,1,4,,3,6132.0,Suburb,No,6.0,405472
2030,5,1,10.0,1,9080.0,Suburb,No,,503768
3319,1,2,36.0,0,5657.0,Downtown,No,5.0,595493
1375,1,2,42.0,1,4084.0,Suburb,No,1.0,207102
1281,1,3,69.0,3,5910.0,Downtown,No,9.0,232146
3363,2,2,21.0,0,2965.0,Urban,No,5.0,632888
817,4,3,97.0,3,8034.0,Rural,No,3.0,229962
1912,5,2,32.0,0,3390.0,Urban,No,2.0,362212
1550,3,2,94.0,3,2636.0,Suburb,No,3.0,247094
997,5,3,97.0,1,18831.0,Downtown,No,8.0,234545
3457,4,3,10.0,3,14134.0,Suburb,No,5.0,666306
3410,5,2,,2,9998.0,Rural,Yes,7.0,645847
1954,4,3,73.0,2,8618.0,Urban,Yes,5.0,400620
3506,1,1,5.0,0,6182.0,Suburb,No,7.0,600831
2638,5,3,83.0,2,2177.0,Urban,Yes,5.0,552790
1357,2,3,26.0,2,8943.0,Suburb,No,8.0,365855
1731,2,1,12.0,2,12057.0,Downtown,No,1.0,263717
2354,1,3,68.0,0,15337.0,Rural,No,4.0,391773
3323,3,1,42.0,0,10054.0,Urban,Yes,1.0,552708
1486,1,3,1.0,3,14852.0,Rural,Yes,5.0,336875
3351,4,2,,0,3407.0,Suburb,No,10.0,671072
873,5,4,,3,6446.0,Downtown,No,1.0,300574
3825,2,4,65.0,1,14233.0,Downtown,No,9.0,649596
3422,4,1,80.0,3,8897.0,Suburb,Yes,1.0,559608
2531,1,4,86.0,3,,Downtown,No,10.0,466317
2475,2,4,,1,14128.0,Suburb,No,6.0,496927
2234,4,3,53.0,0,12745.0,Rural,Yes,4.0,398567
2940,1,4,98.0,2,3279.0,Suburb,No,7.0,522888
3307,1,1,87.0,1,10461.0,Suburb,No,1.0,422336
3747,3,2,45.0,2,7779.0,Downtown,Yes,2.0,584062
3405,2,4,79.0,2,9307.0,Urban,No,6.0,553148
3482,4,1,70.0,0,3056.0,Suburb,No,4.0,540743
1242,3,2,10.0,3,9942.0,Urban,Yes,9.0,403768
1207,5,3,59.0,3,16933.0,Rural,No,6.0,315498
1081,3,2,35.0,0,19103.0,Downtown,No,1.0,218321
3643,1,1,7.0,1,17120.0,Rural,Yes,4.0,606626
1241,5,4,26.0,1,13998.0,Rural,No,1.0,368095
1422,1,3,43.0,2,4877.0,Urban,No,9.0,326751
1059,4,3,26.0,3,13704.0,Rural,Yes,8.0,386929
2435,3,3,45.0,3,,Downtown,No,2.0,459316
3566,4,4,70.0,0,7186.0,Rural,Yes,4.0,657502
2165,3,2,46.0,0,12683.0,Urban,No,9.0,498727
3803,4,3,2.0,0,7348.0,Rural,Yes,6.0,787470
3280,1,2,45.0,3,16523.0,Suburb,No,7.0,555092
2136,5,2,5.0,3,10110.0,Urban,No,7.0,519479
3831,5,2,58.0,3,19880.0,Urban,Yes,4.0,669576
1655,5,3,17.0,3,6004.0,Suburb,No,8.0,439884
1412,1,1,64.0,0,6656.0,Suburb,No,7.0,203849
3748,4,3,2.0,3,5590.0,Urban,No,5.0,764666
1125,1,3,,3,11103.0,Urban,Yes,,179457
3984,4,3,20.0,3,9992.0,Downtown,No,4.0,771519
3160,4,3,1.0,3,,Suburb,No,9.0,680155
3420,1,4,72.0,3,3147.0,Downtown,No,1.0,565386
3497,4,2,10.0,2,7118.0,Rural,No,3.0,673763
2018,5,1,39.0,1,19326.0,Downtown,No,4.0,397952
1797,4,3,10.0,1,11958.0,Downtown,Yes,4.0,385739
3521,4,3,13.0,1,13551.0,Suburb,No,9.0,740085
1893,2,2,94.0,1,15329.0,Suburb,No,2.0,285501
3484,5,2,0.0,2,14133.0,Rural,Yes,2.0,649979
2031,5,2,,2,5888.0,Rural,No,,367974
2364,3,1,20.0,1,7831.0,Urban,Yes,7.0,503902
1122,2,2,81.0,3,17631.0,Suburb,No,10.0,297280
3882,5,1,18.0,2,10441.0,Urban,No,9.0,740858
2564,2,3,55.0,1,14053.0,Downtown,No,1.0,473714
2595,5,2,43.0,1,6132.0,Downtown,Yes,2.0,526942
2768,3,3,71.0,0,13732.0,Downtown,No,10.0,524604
3639,1,4,4.0,0,,Suburb,No,10.0,736429
1531,2,4,56.0,2,15186.0,Downtown,Yes,9.0,328842
2519,2,3,63.0,0,12610.0,Downtown,No,1.0,406902
1090,3,3,44.0,0,3450.0,Suburb,No,1.0,212402
1655,4,4,74.0,2,17034.0,Suburb,Yes,4.0,315996
2677,1,3,82.0,2,,Rural,No,5.0,458474
1465,2,4,,1,16392.0,Rural,No,,296667
3249,1,2,0.0,1,13303.0,Suburb,No,3.0,577281
2010,4,1,18.0,2,9065.0,Urban,No,4.0,448700
994,4,2,61.0,2,17181.0,Rural,No,4.0,268330
2125,3,2,75.0,1,15594.0,Suburb,Yes,4.0,347863
3882,4,2,96.0,2,6605.0,Suburb,No,10.0,690337
1960,5,3,25.0,3,9102.0,Downtown,Yes,9.0,505763
1557,4,2,12.0,3,3549.0,Rural,No,4.0,384807
1792,4,3,84.0,2,6557.0,Downtown,No,6.0,331770
2105,2,3,57.0,0,19414.0,Rural,No,6.0,372950
1155,3,1,0.0,2,19230.0,Downtown,No,1.0,274095
2451,5,3,47.0,3,5152.0,Urban,No,3.0,507807
3367,1,3,75.0,3,14881.0,Urban,Yes,4.0,516393
1254,3,4,49.0,1,3951.0,Urban,No,8.0,367926
2691,5,4,95.0,2,11049.0,Urban,No,5.0,491204
2049,5,4,16.0,1,8897.0,Rural,No,7.0,503307
3826,2,1,88.0,0,,Suburb,No,7.0,595805
3068,2,4,98.0,0,16235.0,Suburb,No,3.0,498531
3270,5,3,36.0,3,8824.0,Suburb,No,8.0,701930
3749,1,2,25.0,2,10487.0,Rural,Yes,1.0,553022
2985,1,3,75.0,3,5781.0,Suburb,No,2.0,468879
3016,1,2,39.0,1,11152.0,Urban,No,4.0,523983
2313,4,4,12.0,2,11388.0,Urban,No,8.0,568143
2330,3,3,83.0,1,4057.0,Rural,No,4.0,412937
3063,4,3,,2,14875.0,Urban,No,3.0,606689
1544,5,2,40.0,0,19234.0,Rural,Yes,6.0,413915
3449,1,1,93.0,2,14099.0,Downtown,No,4.0,497387
3666,1,3,48.0,1,13399.0,Suburb,No,4.0,581333
2756,5,3,28.0,2,17878.0,Urban,No,2.0,599377
3916,3,1,62.0,3,12888.0,Urban,Yes,6.0,690261
1404,5,1,31.0,1,11423.0,Rural,No,3.0,296096
2819,5,1,32.0,2,4356.0,Suburb,No,9.0,615114
3187,1,4,5.0,2,5693.0,Urban,Yes,7.0,642359
3185,1,3,78.0,1,6554.0,Suburb,No,6.0,564250
3847,3,4,3.0,0,5018.0,Urban,No,1.0,728321
3231,2,2,94.0,0,14315.0,Suburb,No,,525768
1932,1,3,50.0,0,2349.0,Rural,No,7.0,421230
3421,2,4,14.0,2,15171.0,Suburb,No,10.0,649525
2696,1,2,96.0,1,9127.0,Urban,No,3.0,360980
1813,3,1,46.0,2,14584.0,Urban,No,9.0,363044
1047,4,3,83.0,1,10169.0,Downtown,No,3.0,249422
3886,1,4,96.0,0,16316.0,Suburb,No,2.0,596511
3678,5,3,17.0,2,12330.0,Urban,No,5.0,763392
1724,3,3,38.0,2,12531.0,Suburb,No,10.0,468214
3477,2,3,73.0,0,7790.0,Suburb,No,10.0,605994
3440,1,1,2.0,1,9034.0,Suburb,No,1.0,608266
3600,4,4,97.0,2,13253.0,Urban,Yes,4.0,628619
3086,4,4,24.0,0,15808.0,Suburb,No,10.0,661630
1950,4,1,91.0,1,10835.0,Urban,No,1.0,278699
2991,1,1,52.0,3,12586.0,Downtown,No,5.0,503172
3312,4,4,47.0,2,13928.0,Suburb,No,3.0,596926
1439,5,3,84.0,0,7034.0,Downtown,No,4.0,305767
1294,2,3,14.0,3,14759.0,Downtown,Yes,9.0,318496
3854,2,4,3.0,2,,Urban,No,8.0,757814
2571,5,2,26.0,1,12281.0,Downtown,Yes,3.0,506720
3599,2,2,99.0,0,16846.0,Urban,Yes,9.0,597609
2042,4,2,93.0,3,4386.0,Urban,No,2.0,357317
1685,4,3,10.0,3,15166.0,Rural,No,1.0,420571
3364,5,3,24.0,2,7324.0,Suburb,No,7.0,657815
949,3,2,57.0,3,,Rural,Yes,6.0,259789
1344,5,2,29.0,0,8912.0,Rural,Yes,7.0,323983
2247,5,2,34.0,0,14807.0,Downtown,No,1.0,439629
2690,1,1,91.0,0,15446.0,Suburb,No,9.0,403026
2954,1,2,93.0,3,17359.0,Urban,Yes,10.0,494396
2290,3,3,12.0,1,8535.0,Downtown,No,3.0,496953
2439,5,3,43.0,0,19581.0,Downtown,No,1.0,441848
3207,1,2,24.0,1,6224.0,Rural,No,8.0,589758
2394,5,3,5.0,0,19473.0,Rural,No,4.0,504133
3617,3,3,95.0,0,11821.0,Rural,No,7.0,651605
1288,1,3,73.0,2,11658.0,Urban,No,2.0,163064
1713,1,2,98.0,1,18355.0,Urban,Yes,7.0,318386
3638,2,3,50.0,1,19330.0,Rural,No,8.0,633738
2334,4,1,19.0,1,19348.0,Urban,No,2.0,456629
853,5,2,15.0,0,5837.0,Urban,Yes,8.0,277460
2809,3,4,55.0,3,5217.0,Urban,No,9.0,617674
1130,5,2,70.0,3,7805.0,Downtown,Yes,1.0,257601
3343,5,3,66.0,3,6622.0,Downtown,Yes,8.0,673824
3744,5,2,39.0,1,11751.0,Downtown,No,3.0,649900
1681,3,3,53.0,2,15856.0,Suburb,Yes,8.0,345227
3955,4,1,91.0,1,6655.0,Urban,Yes,4.0,675315
3198,5,1,,2,,Downtown,No,8.0,645146
1383,1,3,39.0,1,9560.0,Urban,Yes,6.0,320417
3911,2,4,3.0,2,17134.0,Urban,No,3.0,664270
2679,4,3,14.0,0,6159.0,Urban,No,5.0,562411
2675,4,4,44.0,3,16270.0,Urban,No,8.0,621901
1686,5,3,82.0,3,7879.0,Downtown,No,10.0,407414
3901,3,4,68.0,0,2544.0,Downtown,Yes,3.0,629525
3891,4,1,93.0,1,18994.0,Downtown,No,10.0,687270
1093,2,4,3.0,3,6966.0,Rural,Yes,3.0,290578
801,2,3,46.0,0,6488.0,Rural,Yes,10.0,292368
933,3,1,30.0,3,9940.0,Rural,No,1.0,236208
3209,5,2,91.0,2,16204.0,Rural,Yes,2.0,513134
3953,2,3,50.0,1,6712.0,Urban,No,4.0,617954
3437,1,4,22.0,0,17390.0,Urban,Yes,2.0,573682
2873,2,4,28.0,1,6333.0,Urban,Yes,,512897
1409,4,1,93.0,2,2170.0,Urban,No,1.0,190308
1429,5,4,62.0,1,8048.0,Downtown,No,4.0,313012
3325,4,1,,3,12242.0,Urban,No,7.0,616057
1254,2,4,49.0,1,4871.0,Rural,No,3.0,286312
3290,3,2,23.0,0,3972.0,Downtown,Yes,5.0,628365
2237,4,1,9.0,2,11152.0,Downtown,No,9.0,554108
3441,4,3,29.0,2,6471.0,Rural,No,1.0,592263
1205,3,4,86.0,0,8286.0,Urban,Yes,8.0,303497
1968,1,3,,2,2899.0,Downtown,No,7.0,355483
3287,2,4,,3,14875.0,Rural,No,5.0,605457
1264,3,1,84.0,3,18853.0,Downtown,Yes,7.0,283889
3884,3,1,56.0,1,11888.0,Rural,No,1.0,643222
2426,5,1,0.0,3,8888.0,Suburb,No,7.0,551410
2940,4,2,73.0,0,12196.0,Downtown,Yes,7.0,523665
2178,2,3,28.0,1,16331.0,Downtown,Yes,2.0,381651
2343,3,4,30.0,3,19838.0,Urban,No,6.0,453336
3466,2,1,93.0,0,,Rural,Yes,3.0,472448
3013,4,3,74.0,3,5664.0,Rural,No,4.0,579660
814,4,2,42.0,0,15802.0,Suburb,Yes,3.0,180079
1425,2,4,,1,16279.0,Urban,No,7.0,286090
1440,1,2,,0,9591.0,Urban,No,10.0,393141
1280,1,3,24.0,0,9842.0,Rural,No,6.0,292639
2466,5,2,24.0,3,17322.0,Downtown,Yes,8.0,526207
1861,2,4,63.0,1,8297.0,Urban,No,6.0,425547
3791,4,4,24.0,0,,Suburb,No,7.0,774218
1886,5,3,98.0,3,5115.0,Suburb,No,2.0,373174
1245,3,3,49.0,3,,Urban,Yes,9.0,363971
3374,4,1,98.0,3,8576.0,Suburb,No,9.0,602509
3933,5,1,34.0,3,15897.0,Suburb,Yes,7.0,754955
1692,2,3,46.0,3,19600.0,Rural,No,5.0,326245
1161,3,1,43.0,1,14059.0,Downtown,No,9.0,315243
1905,2,3,80.0,3,10973.0,Urban,No,,336660
1349,2,2,53.0,2,16798.0,Downtown,No,5.0,270263
3070,4,4,,3,13799.0,Suburb,Yes,6.0,567731
2227,1,4,10.0,2,16019.0,Downtown,Yes,5.0,443029
3290,3,1,11.0,1,5741.0,Urban,Yes,7.0,656568
3878,4,3,23.0,0,15350.0,Urban,Yes,1.0,679601
2810,1,1,26.0,3,11522.0,Downtown,Yes,3.0,465996
1645,2,4,,3,,Rural,No,8.0,417377
3089,3,1,5.0,3,13023.0,Urban,No,5.0,630670
2790,1,3,68.0,1,17160.0,Rural,Yes,9.0,517203
3411,4,4,95.0,2,16029.0,Suburb,Yes,2.0,547902
1928,3,3,,3,,Suburb,Yes,4.0,422792
2462,5,4,56.0,1,11447.0,Suburb,No,5.0,547864
3998,1,3,50.0,1,12827.0,Suburb,No,5.0,648457
3181,5,4,8.0,2,6267.0,Urban,No,4.0,711777
3454,4,1,30.0,3,,Suburb,No,1.0,597388
3013,5,4,79.0,1,15235.0,Rural,Yes,9.0,650842
1651,1,1,36.0,3,4142.0,Downtown,Yes,6.0,313021
2594,4,3,82.0,1,15419.0,Urban,Yes,5.0,461646
2818,4,4,23.0,1,2064.0,Suburb,No,4.0,607042
2317,5,3,11.0,1,9709.0,Urban,No,1.0,492437
2048,3,2,10.0,1,14184.0,Urban,No,9.0,449858
2350,3,4,88.0,2,5727.0,Urban,No,10.0,517778
1314,1,1,22.0,0,17476.0,Rural,Yes,8.0,339285
1659,1,2,33.0,1,18563.0,Urban,Yes,4.0,296827
3834,3,1,14.0,2,4293.0,Urban,No,8.0,737572
1166,3,1,56.0,3,11976.0,Suburb,Yes,5.0,291613
1472,3,1,42.0,1,12050.0,Suburb,Yes,3.0,243855
3799,1,3,2.0,2,8644.0,Suburb,No,4.0,692115
3225,2,3,77.0,1,13104.0,Suburb,Yes,5.0,495420
2112,1,3,19.0,0,7608.0,Urban,Yes,6.0,428564
1571,3,3,56.0,1,18783.0,Rural,Yes,7.0,362217
2559,2,3,48.0,0,15666.0,Downtown,Yes,2.0,405636
2057,4,1,25.0,3,19553.0,Suburb,Yes,1.0,378162
2043,1,2,43.0,1,18312.0,Rural,No,2.0,298574
2071,1,2,36.0,0,12567.0,Rural,No,,293521
2671,3,2,67.0,2,13327.0,Downtown,Yes,4.0,508931
1680,2,2,58.0,2,15547.0,Rural,No,1.0,323888
3978,5,3,51.0,1,12187.0,Suburb,No,8.0,725299
2555,5,4,50.0,0,4175.0,Downtown,No,7.0,544474
2959,2,2,53.0,1,11465.0,Downtown,No,1.0,422356
2357,5,4,98.0,1,,Rural,Yes,5.0,442978
958,4,4,56.0,1,3337.0,Suburb,No,1.0,267917
3547,4,4,22.0,2,16628.0,Downtown,No,6.0,664884
3700,1,4,,1,3914.0,Suburb,No,6.0,691679
3647,5,2,88.0,2,18837.0,Rural,No,6.0,625988
870,3,2,35.0,3,6119.0,Downtown,No,4.0,208341
2560,1,1,76.0,1,6868.0,Suburb,No,4.0,359230
3437,2,4,50.0,2,,Downtown,No,9.0,673611
1048,4,2,91.0,1,15656.0,Downtown,No,4.0,170847
3899,3,1,48.0,1,10106.0,Downtown,No,9.0,652119
816,3,1,73.0,2,16630.0,Rural,Yes,2.0,106137
2298,2,1,50.0,2,3080.0,Urban,Yes,7.0,466839
3745,1,2,76.0,0,12750.0,Downtown,No,5.0,576837
1959,1,3,66.0,1,10679.0,Rural,No,1.0,273771
3141,1,4,18.0,1,8431.0,Downtown,No,4.0,602685
1680,2,4,53.0,0,16930.0,Rural,No,3.0,338560
991,2,2,81.0,3,5028.0,Downtown,No,7.0,186710
3736,5,4,37.0,2,4844.0,Downtown,Yes,8.0,730058
2937,1,4,58.0,3,8058.0,Rural,No,10.0,609596
2035,1,3,19.0,2,,Urban,No,5.0,403563
1637,1,2,12.0,0,13990.0,Suburb,No,10.0,395139
913,4,2,1.0,1,6401.0,Rural,No,4.0,329782
3246,4,3,,0,4329.0,Urban,No,9.0,659084
889,1,1,54.0,2,,Downtown,Yes,10.0,249833
3644,1,1,70.0,3,19480.0,Downtown,No,1.0,542617
3425,1,1,49.0,3,15771.0,Suburb,No,5.0,528325
2101,3,3,1.0,2,9091.0,Urban,Yes,10.0,558748
2843,3,4,84.0,2,12483.0,Downtown,No,10.0,562906
1340,1,4,99.0,0,2196.0,Suburb,Yes,,254928
3880,2,2,37.0,1,13358.0,Rural,Yes,8.0,689105
1608,1,2,63.0,2,10605.0,Downtown,No,5.0,241238
3892,5,3,8.0,1,18317.0,Suburb,Yes,6.0,750800
3286,3,4,90.0,2,18234.0,Rural,Yes,5.0,601953
2584,4,1,74.0,3,4620.0,Urban,No,5.0,492766
1407,4,2,88.0,2,7267.0,Urban,Yes,8.0,340076
3595,2,3,26.0,3,8297.0,Rural,No,8.0,721186
3399,1,4,90.0,3,6769.0,Urban,Yes,5.0,519674
1081,1,3,4.0,2,6824.0,Urban,No,7.0,337561
1487,5,2,80.0,3,,Suburb,No,7.0,371322
2973,4,3,23.0,3,13986.0,Suburb,Yes,5.0,585538
3564,3,4,1.0,2,18671.0,Suburb,No,7.0,674421
2722,3,3,38.0,1,19243.0,Urban,No,4.0,535101
3392,3,1,90.0,0,7044.0,Rural,Yes,8.0,542320
2688,5,3,82.0,2,16034.0,Downtown,No,3.0,485874
2121,5,4,84.0,3,2005.0,Suburb,Yes,8.0,461102
2057,1,1,50.0,1,19244.0,Urban,No,4.0,351156
1900,5,4,6.0,2,14228.0,Suburb,No,6.0,478532
2789,3,3,13.0,0,16271.0,Downtown,Yes,8.0,608013
3717,1,1,76.0,3,2873.0,Urban,No,8.0,588357
3551,5,2,5.0,2,17045.0,Downtown,No,9.0,781823
2021,2,2,58.0,2,13375.0,Urban,No,6.0,385161
2274,3,1,29.0,0,2909.0,Downtown,No,6.0,486312
3578,2,4,78.0,3,9257.0,Rural,No,2.0,590098
1031,4,2,,2,16321.0,Downtown,No,3.0,242154
2225,2,3,74.0,3,18917.0,Urban,No,1.0,339647
1715,3,1,90.0,1,15577.0,Rural,No,3.0,295442
1469,5,4,95.0,2,,Suburb,Yes,7.0,353950
3638,3,4,96.0,0,19243.0,Rural,Yes,2.0,584124
2126,1,1,31.0,0,15700.0,Rural,Yes,8.0,431528
3921,1,4,11.0,2,13210.0,Suburb,No,3.0,712993
2201,4,2,38.0,2,19812.0,Urban,Yes,3.0,392948
3357,4,1,20.0,2,6216.0,Rural,Yes,8.0,642498
2320,3,2,24.0,2,13074.0,Downtown,Yes,6.0,446415
3250,2,4,86.0,0,12745.0,Downtown,No,5.0,509585
3267,2,1,93.0,0,10285.0,Rural,Yes,6.0,464132
1722,2,2,17.0,3,6731.0,Downtown,No,9.0,444623
1545,2,2,54.0,1,,Rural,No,5.0,276114
3195,5,4,89.0,2,2395.0,Rural,Yes,9.0,600992
2450,4,3,83.0,0,16221.0,Downtown,Yes,4.0,453907
3943,2,4,40.0,2,,Suburb,No,2.0,692371
905,1,3,98.0,1,16641.0,Downtown,Yes,9.0,189556
1295,1,1,46.0,0,16429.0,Rural,No,4.0,225169
2407,3,2,12.0,0,5821.0,Rural,No,5.0,509063
2714,3,3,41.0,1,16333.0,Urban,No,2.0,522739
1460,4,1,2.0,1,15398.0,Urban,No,7.0,372060
2317,1,2,32.0,1,10593.0,Rural,No,10.0,484871
3500,2,3,43.0,2,,Suburb,No,3.0,610226
1594,5,2,1.0,2,19879.0,Rural,No,2.0,436745
1095,3,3,21.0,3,3561.0,Urban,No,6.0,309639
1519,5,2,67.0,1,8658.0,Suburb,Yes,3.0,279345
1095,3,1,39.0,1,12067.0,Urban,Yes,7.0,261191
2974,5,3,92.0,0,3646.0,Urban,No,2.0,538576
1064,5,2,93.0,1,15118.0,Downtown,No,10.0,266123
2846,3,3,13.0,1,8137.0,Downtown,No,6.0,559576
3568,3,3,65.0,0,18093.0,Suburb,No,8.0,648559
2082,4,4,15.0,1,7836.0,Suburb,No,7.0,540173
3671,2,2,75.0,0,,Downtown,No,5.0,618238
980,2,1,56.0,3,13259.0,Rural,Yes,7.0,249146
3619,5,3,38.0,3,18026.0,Urban,No,2.0,640863
3680,4,2,37.0,1,11278.0,Rural,No,2.0,670161
2029,3,1,30.0,3,2373.0,Suburb,No,4.0,431093
999,3,4,95.0,1,7872.0,Urban,Yes,9.0,216403
2877,5,4,32.0,0,11255.0,Suburb,No,1.0,554906
2872,4,2,,3,,Urban,Yes,4.0,523128
2886,5,2,11.0,2,3304.0,Rural,Yes,5.0,569702
3178,2,3,81.0,1,5971.0,Urban,Yes,3.0,476232
832,3,2,34.0,2,16336.0,Rural,Yes,4.0,237981
1308,4,4,,0,15468.0,Rural,Yes,10.0,473403
3987,3,2,25.0,1,14749.0,Urban,No,4.0,741016
1234,5,1,11.0,0,3013.0,Urban,No,4.0,284621
2447,4,4,74.0,0,9850.0,Rural,Yes,9.0,541479
3027,2,3,68.0,2,9319.0,Rural,No,7.0,554216
3283,4,2,7.0,1,10208.0,Rural,Yes,8.0,649927
3561,5,3,96.0,1,9150.0,Suburb,Yes,10.0,720393
3799,3,1,76.0,2,13822.0,Rural,No,6.0,665805
2449,5,4,72.0,1,19602.0,Downtown,No,5.0,544387
3872,4,4,41.0,1,10824.0,Suburb,Yes,6.0,699812
1025,4,1,35.0,2,12868.0,Suburb,No,1.0,181293
1854,5,2,72.0,1,12982.0,Rural,Yes,6.0,416312
3895,2,3,58.0,3,18257.0,Urban,Yes,3.0,662088
3378,2,2,25.0,2,4468.0,Downtown,Yes,3.0,589307
3932,1,3,47.0,2,13103.0,Suburb,No,1.0,635017
2959,1,3,42.0,3,10992.0,Suburb,No,1.0,526232
1243,3,4,62.0,0,11292.0,Urban,No,7.0,287411
1435,3,4,83.0,2,4495.0,Suburb,No,3.0,240782
1720,3,4,91.0,2,14574.0,Urban,No,5.0,382244
1940,3,4,87.0,0,12642.0,Suburb,No,2.0,344112
3001,1,4,0.0,0,4110.0,Rural,No,3.0,554886
926,2,4,53.0,3,14135.0,Rural,Yes,5.0,273771
3366,3,1,88.0,2,18162.0,Downtown,Yes,3.0,476931
2823,1,2,57.0,2,,Urban,No,4.0,438118
3159,2,3,10.0,0,15681.0,Rural,Yes,3.0,557358
1807,2,1,,0,10596.0,Urban,No,9.0,330428
3943,2,1,77.0,0,12715.0,Suburb,No,5.0,613430
2324,1,4,81.0,0,12196.0,Rural,No,4.0,416608
893,1,3,84.0,3,3752.0,Urban,Yes,2.0,133553
2346,5,2,53.0,2,17210.0,Urban,No,8.0,474178
3096,5,2,60.0,1,18239.0,Rural,No,6.0,564464
1200,1,2,48.0,1,13975.0,Urban,Yes,6.0,254394
1383,3,2,54.0,1,18856.0,Rural,Yes,5.0,322940
3022,2,1,62.0,3,14138.0,Urban,No,7.0,477291
991,5,2,68.0,2,,Downtown,No,5.0,293892
1213,5,4,77.0,3,2280.0,Downtown,Yes,8.0,341114
2058,2,2,34.0,3,16359.0,Suburb,No,5.0,352533
2351,5,3,72.0,2,6161.0,Urban,No,4.0,476577
2966,4,3,10.0,0,15025.0,Downtown,Yes,8.0,646797
3188,4,3,3.0,3,7124.0,Suburb,No,6.0,665429
3921,5,4,71.0,2,16656.0,Urban,No,9.0,722943
1345,3,3,50.0,1,15836.0,Downtown,No,9.0,372123
1565,4,4,63.0,3,17638.0,Suburb,Yes,1.0,299400
2114,3,4,91.0,2,13689.0,Suburb,No,3.0,367090
3935,1,4,77.0,0,7315.0,Urban,Yes,4.0,671326
1068,2,1,44.0,0,12841.0,Downtown,No,7.0,240992
1674,5,2,65.0,3,4951.0,Urban,No,1.0,327599
1338,4,2,28.0,3,18545.0,Downtown,No,6.0,343933
1255,3,1,83.0,2,19992.0,Suburb,No,10.0,239813
1736,5,4,5.0,2,18644.0,Urban,Yes,1.0,467161
1724,1,1,11.0,0,,Suburb,No,,309355
3101,1,1,15.0,2,,Urban,No,5.0,536620
2058,4,4,45.0,3,3506.0,Rural,No,4.0,470685
980,5,1,1.0,1,15539.0,Suburb,No,8.0,301127
3405,5,2,39.0,1,18759.0,Suburb,No,9.0,690098
1764,5,1,4.0,0,15685.0,Rural,No,4.0,430055
3652,1,2,46.0,3,13307.0,Urban,Yes,10.0,695942
3803,1,3,19.0,3,9459.0,Urban,Yes,2.0,639690
1513,2,3,62.0,2,3098.0,Rural,No,1.0,289396
3764,1,1,11.0,1,11878.0,Suburb,No,10.0,717176
2625,1,2,15.0,2,16191.0,Rural,No,10.0,503727
2549,2,3,29.0,1,10736.0,Downtown,No,3.0,495020
808,5,3,19.0,2,19082.0,Urban,No,3.0,251798
3692,1,1,84.0,3,2669.0,Downtown,No,5.0,556482
3605,2,2,69.0,3,17355.0,Urban,No,5.0,570403
2592,5,1,8.0,0,6592.0,Rural,No,5.0,519638
1088,3,2,2.0,2,5306.0,Urban,No,6.0,353429
2254,2,4,19.0,3,9676.0,Suburb,No,5.0,468859
1918,2,2,61.0,3,11545.0,Urban,No,5.0,301508
1689,5,2,96.0,2,,Rural,No,6.0,355913
1588,4,2,36.0,0,5253.0,Downtown,No,6.0,375437
3055,3,1,56.0,3,18255.0,Rural,No,4.0,468506
860,1,3,16.0,0,15490.0,Downtown,No,,298476
2564,4,2,14.0,1,15385.0,Urban,No,2.0,504018
2949,5,2,18.0,0,5714.0,Urban,Yes,3.0,548301
3295,5,2,,1,4128.0,Suburb,No,9.0,622141
3278,5,4,,1,3955.0,Downtown,No,6.0,676926
3622,4,1,22.0,1,10521.0,Urban,Yes,7.0,723806
2155,5,2,87.0,0,8019.0,Suburb,Yes,9.0,505171
1205,3,4,23.0,1,16340.0,Suburb,Yes,10.0,386780
1396,4,3,26.0,1,2022.0,Rural,Yes,5.0,390998
2402,3,4,22.0,0,3729.0,Suburb,No,8.0,515904
2298,3,4,75.0,0,9501.0,Rural,Yes,7.0,443095
1672,5,4,10.0,1,11281.0,Rural,Yes,2.0,443474
1216,3,2,71.0,0,8582.0,Rural,No,4.0,226894
3407,4,3,23.0,0,8951.0,Rural,No,2.0,663920
1158,5,3,9.0,2,9119.0,Rural,No,6.0,372145
3656,1,4,87.0,0,10091.0,Rural,No,4.0,631220
1946,2,1,74.0,2,8274.0,Suburb,No,6.0,328252
3496,1,4,32.0,2,3506.0,Suburb,Yes,3.0,601372
1487,4,3,92.0,0,16120.0,Downtown,No,6.0,298583
3333,5,2,12.0,2,19305.0,Rural,No,10.0,671171
1014,4,3,27.0,1,19364.0,Rural,No,2.0,263560
981,5,2,68.0,3,17380.0,Suburb,No,2.0,191949
2358,2,3,16.0,3,11912.0,Downtown,No,4.0,427326
3040,3,2,35.0,3,2052.0,Urban,No,6.0,541467
2484,3,1,19.0,1,15868.0,Rural,Yes,9.0,500704
2239,3,2,67.0,1,9000.0,Suburb,No,2.0,418066
3212,2,4,27.0,2,18783.0,Urban,No,3.0,538032
3513,4,1,53.0,2,12208.0,Downtown,Yes,9.0,639574
2880,1,2,61.0,0,9097.0,Suburb,No,10.0,480672
2011,1,4,15.0,3,17108.0,Rural,Yes,7.0,436717
1704,1,3,52.0,2,14084.0,Rural,No,3.0,335872
1904,2,2,93.0,1,9298.0,Downtown,Yes,9.0,319144
1381,4,4,29.0,2,16256.0,Urban,No,7.0,432524
3789,4,3,83.0,1,7371.0,Rural,No,7.0,669735
806,4,2,31.0,1,14374.0,Downtown,Yes,6.0,236238
3999,1,2,45.0,0,8827.0,Downtown,Yes,7.0,699309
1830,1,2,25.0,0,17517.0,Suburb,No,5.0,375928
2456,1,4,2.0,2,7705.0,Suburb,No,7.0,555682
2840,1,1,97.0,3,19416.0,Rural,No,2.0,355112
3588,2,3,9.0,2,5689.0,Rural,Yes,3.0,604423
2788,1,1,36.0,0,2060.0,Downtown,No,8.0,449962
2961,4,1,80.0,2,3187.0,Rural,No,4.0,544642
1961,4,1,43.0,1,14824.0,Urban,No,3.0,344599
3568,4,1,93.0,1,10108.0,Rural,No,4.0,597652
2619,5,2,27.0,2,13635.0,Suburb,No,9.0,571558
1486,4,4,86.0,2,14907.0,Urban,No,3.0,282384
1332,2,2,12.0,2,9451.0,Urban,Yes,5.0,323358
2589,2,4,,1,5304.0,Rural,No,7.0,503711
3214,1,4,17.0,1,14965.0,Rural,No,1.0,602592
3031,4,1,91.0,2,11719.0,Rural,No,6.0,520293
1087,4,1,98.0,0,16805.0,Urban,Yes,6.0,243907
3218,4,1,65.0,2,9215.0,Rural,Yes,6.0,572287
2499,2,4,68.0,1,4457.0,Urban,No,4.0,450266
2238,2,3,47.0,3,6186.0,Rural,Yes,1.0,390798
2661,4,3,17.0,3,2096.0,Urban,Yes,5.0,523930
1621,1,2,43.0,0,11093.0,Suburb,Yes,3.0,271944
834,1,3,36.0,1,12470.0,Rural,No,4.0,144873
2541,2,1,58.0,2,15714.0,Rural,No,7.0,411914
822,5,4,48.0,0,13188.0,Suburb,No,2.0,263519
2077,4,3,57.0,2,5384.0,Suburb,Yes,5.0,422142
2589,2,4,97.0,2,16148.0,Urban,No,10.0,496958
3197,4,1,10.0,1,18681.0,Urban,Yes,4.0,590133
1129,2,3,34.0,3,8597.0,Urban,No,6.0,292139
3684,2,3,88.0,1,6246.0,Suburb,Yes,,589459
2206,3,4,28.0,0,14310.0,Downtown,No,4.0,443186
1562,5,3,63.0,2,15728.0,Downtown,Yes,10.0,460642
3273,2,2,64.0,3,18634.0,Rural,Yes,7.0,540274
2534,3,3,60.0,2,9053.0,Downtown,No,8.0,533992
1189,2,2,75.0,2,14256.0,Rural,No,1.0,179829
1017,3,4,51.0,2,7951.0,Suburb,No,4.0,262341
1306,3,4,68.0,0,16644.0,Urban,No,1.0,291539
2673,5,4,87.0,1,,Urban,Yes,2.0,497335
2307,4,4,20.0,0,15356.0,Downtown,Yes,4.0,502692
3769,4,2,64.0,0,19380.0,Suburb,No,5.0,672752
2275,3,3,23.0,3,2870.0,Rural,No,3.0,458475
3541,2,1,83.0,2,7519.0,Suburb,No,7.0,547709
1644,5,1,63.0,1,2062.0,Urban,No,7.0,387713
1750,5,1,56.0,0,14146.0,Suburb,No,1.0,284349
1719,5,4,79.0,0,12849.0,Downtown,No,9.0,427825
2198,2,3,75.0,3,17493.0,Rural,No,3.0,404988
1662,4,2,89.0,2,18115.0,Rural,No,3.0,297759
1950,5,3,5.0,2,11404.0,Rural,No,5.0,490583
1013,4,2,18.0,1,19369.0,Downtown,No,1.0,295082
2247,4,1,67.0,3,9723.0,Downtown,No,1.0,361790
3313,2,3,4.0,0,10292.0,Downtown,No,9.0,661225
1503,1,4,25.0,0,16983.0,Suburb,No,9.0,340634
2753,4,1,94.0,3,5749.0,Downtown,No,7.0,531408
2294,5,3,17.0,2,11429.0,Rural,No,7.0,542930
1862,2,1,8.0,2,16136.0,Downtown,No,7.0,427167
2308,2,3,33.0,0,19954.0,Rural,No,8.0,451825
2969,2,4,30.0,2,2075.0,Rural,No,2.0,510612
1038,5,2,38.0,3,2164.0,Urban,Yes,3.0,228635
1568,3,2,16.0,3,3781.0,Suburb,No,3.0,383805
1178,2,4,48.0,2,4068.0,Rural,No,6.0,338212
3593,4,1,46.0,2,5691.0,Urban,No,6.0,670117
2355,2,2,48.0,1,15894.0,Suburb,No,5.0,464922
1422,3,4,35.0,2,14647.0,Urban,Yes,8.0,353178
3512,4,3,,0,7377.0,Downtown,No,2.0,640122
1939,4,2,35.0,0,9507.0,Suburb,No,2.0,405701
3965,4,1,70.0,1,18478.0,Suburb,No,,767990
2792,2,1,65.0,2,17554.0,Urban,Yes,2.0,476426
3479,2,1,65.0,3,19775.0,Suburb,No,5.0,604377
2831,4,3,84.0,1,3444.0,Suburb,No,9.0,550756
3313,3,1,75.0,3,14560.0,Downtown,No,10.0,631358
2567,1,1,11.0,3,3132.0,Downtown,No,10.0,549752
3523,4,4,41.0,0,,Rural,No,9.0,755839
2661,3,2,3.0,2,7138.0,Suburb,No,5.0,558128
2827,3,2,35.0,0,7997.0,Downtown,Yes,10.0,587185
1477,3,4,54.0,1,15973.0,Rural,Yes,4.0,319016
1888,4,4,38.0,1,12064.0,Rural,Yes,9.0,438302
882,4,1,4.0,0,14964.0,Urban,No,1.0,214880
3141,1,3,54.0,2,4916.0,Suburb,No,6.0,583770
2766,3,2,25.0,1,8321.0,Downtown,Yes,6.0,556249
2792,2,1,,2,10819.0,Suburb,No,3.0,453418
1870,5,3,95.0,1,7283.0,Urban,Yes,4.0,359273
3102,5,2,56.0,1,5942.0,Urban,No,5.0,548462
2345,3,1,48.0,0,17951.0,Rural,No,9.0,500719
2167,5,1,13.0,3,,Urban,No,9.0,503965
1708,5,4,12.0,2,2017.0,Urban,No,8.0,438312
1141,4,3,23.0,0,19934.0,Suburb,No,8.0,400426
1345,4,1,81.0,0,16225.0,Suburb,No,6.0,315545
2744,1,1,12.0,0,9731.0,Downtown,No,4.0,491761
1462,3,1,46.0,1,19518.0,Rural,Yes,4.0,300079
1032,5,2,55.0,2,18066.0,Urban,Yes,5.0,287571
1140,4,4,31.0,2,17310.0,Downtown,No,3.0,333646
3618,5,1,39.0,0,6987.0,Suburb,No,2.0,653428
2599,5,1,23.0,2,10111.0,Rural,No,3.0,477255
2509,2,4,17.0,0,12011.0,Urban,No,4.0,483756
3805,3,3,13.0,1,,Downtown,No,8.0,717825
3666,4,4,31.0,1,15347.0,Urban,No,5.0,698409
2054,4,4,89.0,0,10467.0,Suburb,No,3.0,340950
1589,2,1,68.0,2,,Urban,No,2.0,212884
2636,4,1,65.0,2,3771.0,Downtown,No,6.0,491396
3050,2,4,95.0,0,16088.0,Rural,No,1.0,456845
2486,3,1,1.0,1,9451.0,Downtown,No,6.0,554102
3280,1,4,62.0,3,11521.0,Rural,No,5.0,512954
3183,5,1,59.0,1,2331.0,Suburb,No,4.0,557663
1555,1,2,6.0,2,18634.0,Downtown,Yes,1.0,322976
1490,2,1,14.0,0,14177.0,Suburb,No,9.0,363166
1339,5,3,47.0,2,19844.0,Suburb,No,2.0,309938
2690,5,2,93.0,2,14781.0,Downtown,No,10.0,569953
1673,3,4,86.0,0,9529.0,Suburb,No,7.0,318045
2778,5,1,90.0,0,14654.0,Suburb,No,4.0,462900
2583,5,4,76.0,1,9896.0,Downtown,Yes,3.0,518065
1669,2,3,91.0,2,7839.0,Urban,Yes,9.0,323851
3557,2,4,90.0,2,5068.0,Downtown,No,9.0,591618
3068,2,3,29.0,2,14148.0,Rural,No,5.0,517059
1296,5,2,1.0,2,2482.0,Rural,Yes,4.0,338041
2747,3,3,93.0,3,15780.0,Urban,No,4.0,504653
3817,2,2,66.0,0,11008.0,Rural,No,,654812
1230,5,3,54.0,0,8759.0,Suburb,No,9.0,384110
2339,2,2,21.0,2,18876.0,Downtown,No,7.0,476222
2465,3,3,92.0,2,17662.0,Rural,No,,445578
1165,5,2,,2,17380.0,Suburb,No,6.0,378672
3935,2,1,14.0,2,18296.0,Rural,No,3.0,678494
3132,3,2,49.0,3,7892.0,Rural,No,6.0,579153
2680,2,4,13.0,2,,Downtown,Yes,5.0,513636
3966,1,1,33.0,3,4195.0,Downtown,Yes,7.0,660763
1742,5,3,2.0,2,16252.0,Urban,No,2.0,380133
3858,4,2,43.0,2,4349.0,Suburb,Yes,10.0,768784
3374,5,2,16.0,3,7699.0,Rural,Yes,9.0,700814
3013,1,2,47.0,0,10883.0,Rural,No,8.0,572142
1664,4,3,34.0,2,19838.0,Rural,No,3.0,413334
2512,4,4,32.0,2,4949.0,Downtown,Yes,2.0,543673
999,2,3,61.0,1,,Downtown,No,10.0,313141
3399,4,2,96.0,0,6299.0,Rural,No,7.0,556221
2735,5,1,60.0,0,12316.0,Suburb,No,2.0,531888
1925,3,2,86.0,3,13734.0,Suburb,No,1.0,337810
1163,1,1,54.0,3,11270.0,Suburb,No,8.0,226214
1601,2,2,91.0,2,12532.0,Suburb,No,8.0,267315
1694,3,4,16.0,3,11860.0,Rural,Yes,1.0,372259
2469,4,4,75.0,3,12202.0,Downtown,Yes,8.0,499934
3335,2,3,57.0,3,,Suburb,No,4.0,534366
2576,2,4,72.0,3,9923.0,Rural,No,8.0,462344
1425,1,1,8.0,1,6400.0,Urban,No,10.0,334463
1972,1,3,74.0,0,10670.0,Rural,Yes,6.0,392185
3202,2,4,29.0,2,17573.0,Rural,No,8.0,620941
2748,2,2,17.0,2,8418.0,Downtown,No,5.0,510376
1313,4,4,47.0,1,,Suburb,No,2.0,297344
2688,4,3,80.0,2,15890.0,Downtown,No,10.0,596891
3129,5,4,81.0,3,15965.0,Rural,No,7.0,595731
2635,2,1,13.0,1,2318.0,Downtown,No,2.0,414251
817,4,1,78.0,3,3797.0,Urban,No,9.0,243292
3901,1,1,64.0,2,5286.0,Downtown,Yes,1.0,594077
3467,5,1,,0,14517.0,Downtown,Yes,7.0,654893
822,3,1,10.0,2,2825.0,Urban,No,7.0,233767
3919,5,3,46.0,3,3832.0,Downtown,No,6.0,762421
1238,1,4,91.0,3,14755.0,Urban,No,5.0,177447
1011,2,3,32.0,2,17272.0,Downtown,Yes,3.0,278326
1305,3,4,36.0,0,7038.0,Downtown,No,3.0,275935
822,5,1,73.0,3,17709.0,Rural,Yes,10.0,311170
3399,4,2,50.0,2,14844.0,Urban,No,6.0,588454
3423,2,2,67.0,0,3120.0,Downtown,No,3.0,552282
871,2,2,,1,11447.0,Urban,Yes,8.0,237111
1270,5,4,77.0,2,18771.0,Downtown,No,10.0,352575
1677,3,4,79.0,3,19097.0,Downtown,Yes,8.0,368960
3949,3,3,48.0,0,8694.0,Downtown,No,2.0,660907
1825,4,3,8.0,3,10026.0,Urban,Yes,8.0,506329
2201,1,4,40.0,3,5864.0,Suburb,No,10.0,475763
803,1,1,40.0,3,17006.0,Rural,No,1.0,126476
3575,4,1,65.0,0,19716.0,Urban,Yes,2.0,588245
3090,3,1,30.0,0,3911.0,Downtown,Yes,6.0,543551
2691,4,2,96.0,0,3235.0,Downtown,No,1.0,394417
2088,5,3,47.0,1,6226.0,Urban,Yes,3.0,404461
3375,2,2,62.0,0,2564.0,Downtown,No,6.0,587719
3007,5,3,53.0,1,16675.0,Urban,No,9.0,660205
2874,5,1,49.0,0,11635.0,Suburb,Yes,4.0,550374
3886,3,1,76.0,1,2455.0,Suburb,No,6.0,614863
2832,2,1,24.0,1,12463.0,Downtown,No,7.0,517282
1123,1,2,65.0,0,19120.0,Suburb,Yes,6.0,191670
3075,3,1,97.0,2,10807.0,Downtown,No,2.0,472126
2616,3,1,94.0,0,15059.0,Urban,Yes,9.0,429834
3886,5,2,39.0,0,18734.0,Rural,No,7.0,702949
2859,2,1,41.0,0,15608.0,Urban,Yes,3.0,520325
870,5,1,52.0,0,13634.0,Suburb,Yes,8.0,321607
1539,5,2,44.0,3,10213.0,Urban,Yes,1.0,340524
2231,2,4,91.0,0,,Suburb,No,7.0,420703
2959,3,3,62.0,2,9030.0,Downtown,No,9.0,531362
1992,1,1,,3,3792.0,Rural,No,8.0,301322
3419,3,1,29.0,2,15641.0,Downtown,Yes,6.0,666784
1292,3,2,32.0,3,5421.0,Rural,Yes,2.0,280369
3252,3,4,60.0,3,5391.0,Suburb,No,2.0,611206
2907,2,2,,2,3989.0,Suburb,Yes,5.0,519864
2922,3,4,72.0,3,2716.0,Rural,Yes,5.0,557426
1261,2,2,45.0,0,9338.0,Suburb,No,6.0,288885
3832,2,2,60.0,1,13231.0,Urban,No,2.0,582862
1069,1,4,53.0,2,17214.0,Downtown,Yes,2.0,179650
